"サインインに失敗しました。" />
      <btnReLogin Text="再試行" />
    </LoginFailPage>
    <NewLoginForm Text="サインインまたは製品登録">
      <btnClose ToolTip="閉じる" />
      <lbServiceTip Text="Wondershare Passportでは様々なソリューションをご案内します" />
    </NewLoginForm>
    <NewLoginPage>
      <btnSkip Text="スキップして直接利用する" />
      <lbLoginTip Text="パスワードまたは登録コードでサインイン" />
      <lbLoginOther Text="&lt;a&gt;新規アカウントを作成&lt;/a&gt; または" />
      <btnRegister Text="新規ユーザー登録" />
      <btnSign Text="サインインまたは製品登録" />
      <llbForgot Text="パ